novelty,surprise,orig_and_flex,fluency,elaboration(len_word),elaboration(len_char),elaboration(self-bleu)
0.60028475522995,0.3823543167114258,1.0,0.26737967914438,0.8631090487238979,0.8112708018154312,0.2353819604233778
0.3666410446166992,0.3358740234375,1.0,0.36496350364963,0.6357308584686775,0.5998487140695915,0.1666635687732341
0.4186556339263916,0.3130852890014648,0.2592592592592599,0.8130081300813,0.2761020881670533,0.2617246596066566,0.0684097222222222
0.7094083726406097,0.3499976348876953,1.0,0.25706940874035,0.9002320185614849,0.9175491679273828,0.2634474327628362
0.3111717104911804,0.3304876708984375,0.36102236421726,0.34843205574913,0.6612529002320185,0.6267019667170953,0.161807121661721
0.4744433164596557,0.3402961730957031,1.0,0.31055900621118,0.7563805104408353,0.7726928895612708,0.2273249637856108
0.21436607837677,0.3897892379760742,-1.36486486486486,0.40160642570281,0.5730858468677494,0.5529500756429652,0.1492248322147651
0.3908953666687011,0.3307263565063476,1.0,0.40983606557377,0.5661252900232019,0.5665658093797277,0.178718872870249
0.4017961621284485,0.6364678955078125,1.0,0.58479532163742,0.3874709976798144,0.3532526475037821,0.0926715176715176
0.5950420796871185,0.2690654563903809,1.0,0.41152263374485,0.5568445475638051,0.541981845688351,0.1578576317590691
0.3573616147041321,0.3274189758300781,0.4318181818181901,0.30487804878048,0.7517401392111369,0.7261724659606656,0.1991581108829568
0.4229942560195923,0.4855809783935547,0.06542056074767,1.05263157894736,0.2111368909512761,0.2159606656580938,0.0627629382303839
0.5188726782798767,0.365727767944336,-1.46913580246913,0.6802721088435301,0.3317865429234338,0.3139183055975794,0.0918240093240093
0.3713676929473877,0.3113143539428711,1.0,0.2415458937197999,0.9559164733178654,0.8052193645990923,0.2037876680574872
0.4921342134475708,0.2946366310119629,0.1666666666666699,0.33333333333333,0.691415313225058,0.6403177004538578,0.1745322486926205
0.7065859436988831,0.2256416511535644,1.0,0.34843205574912,0.6589327146171694,0.6350226928895613,0.1954276508494434
0.3859479427337646,0.3832429885864258,1.0,0.30581039755351,0.7494199535962877,0.7167170953101362,0.1890639625585023
0.309520959854126,0.3634783554077149,-1.3738872403560802,0.35087719298245,0.665893271461717,0.6138426626323752,0.159442761962447
0.6440108716487885,0.3107672119140625,1.0,0.31645569620253,0.7308584686774942,0.6913767019667171,0.2019288793103448
0.608652263879776,0.270766372680664,-0.22249388753056,0.27173913043478,0.8584686774941995,0.8086232980332829,0.225039242843952
0.3654810190200805,0.2799423027038574,0.70501474926254,0.3215434083601199,0.7122969837587007,0.6804084720121029,0.1885249042145594
0.4158225655555725,0.2194390678405761,-0.78571428571428,0.31645569620253,0.728538283062645,0.693267776096823,0.2022434175174637
0.3792767524719238,0.2786218070983887,0.6865203761755501,0.3731343283582,0.6125290023201856,0.6452344931921331,0.1954238754325259
0.7254763841629028,0.2352264404296875,0.67105263157895,0.33783783783783,0.679814385150812,0.6123298033282905,0.1607316332726169
0.5247651934623718,0.2089837646484375,1.0,0.25252525252525,0.9234338747099768,0.8797276853252648,0.2481414613423959
0.6289305090904236,0.4293600463867188,1.0,0.2777777777777699,0.8306264501160093,0.8158093797276853,0.232066361556064
0.3643223643302917,0.425328140258789,-0.4619883040935599,0.3215434083601199,0.7192575406032483,0.735249621785174,0.2156820486815416
0.2909610867500305,0.4299247741699218,1.0,0.43668122270742,0.5220417633410673,0.5226928895612708,0.1349751773049645
0.6777748465538025,0.3216471481323242,-2.7037037037037,0.5524861878453,0.4106728538283062,0.4035552193645991,0.1204931506849315
0.448944091796875,0.3299024200439453,0.6610169491525499,0.35714285714285,0.654292343387471,0.6255673222390318,0.1698127229488703
0.4436994791030884,0.2543203544616699,0.15730337078652,0.29498525073746,0.7911832946635731,0.7322239031770046,0.2103207739307536
0.6453449130058289,0.2873163795471192,0.76303317535546,0.24330900243308,0.9559164733178654,0.8797276853252648,0.2463423959218351
0.4070817828178406,0.3728433227539063,1.0,0.31948881789137,0.7192575406032483,0.6811649016641452,0.1920721705850191
0.5284627079963684,0.294644832611084,1.0,0.4,0.5707656612529002,0.5071860816944024,0.1472205989773557
0.7116437256336212,0.1311275386810302,1.0,4.34782608695651,0.0440835266821345,0.0393343419062027,0.0118181818181818
0.4258407950401306,0.230102310180664,1.0,0.39062499999999,0.5939675174013921,0.5071860816944024,0.1403944485025565
0.851363480091095,0.3287471771240234,1.0,2.17391304347825,0.0974477958236658,0.1036308623298033,0.0315728476821192
0.3165704607963562,0.2913524055480957,0.02200488997556,0.25316455696202,0.9118329466357308,0.8604387291981845,0.24377768128528
0.7930941134691238,0.2405982017517089,1.0,0.32786885245901,0.7076566125290024,0.6671709531013615,0.1932589285714285
0.3620734214782715,0.314875373840332,-2.59550561797752,0.25773195876288,0.8932714617169374,0.8596822995461422,0.2415384615384615
0.4242146611213684,0.30878662109375,0.71264367816092,0.29761904761904,0.7911832946635731,0.7908472012102874,0.2228338839075035
0.7339155673980713,0.1936120223999023,0.72144846796658,0.30211480362537,0.7703016241299304,0.7568078668683812,0.2134105470675209
0.6881389021873474,0.1737715148925781,1.0,0.34722222222222,0.6844547563805105,0.6316187594553706,0.1858804475853945
0.3161391615867615,0.2501346969604492,0.75609756097561,0.2710027100271,0.8700696055684455,0.907715582450832,0.2833855024711697
0.3784442543983459,0.2469535446166992,1.0,0.35211267605633,0.6496519721577726,0.6232980332829047,0.1641169451073985
0.4233294725418091,0.4080329513549804,-0.2886597938144299,0.28571428571428,0.8074245939675174,0.8301815431164902,0.248387314439946
0.3348062634468078,0.455076904296875,0.1434689507494699,0.2475247524752399,0.9419953596287703,0.928895612708018,0.2492471819645732
0.7631710767745972,0.2486385536193848,0.1501416430594899,0.29850746268656,0.7795823665893271,0.7250378214826021,0.2066915167095115
0.4380645155906677,0.4665687942504883,-1.77777777777777,0.30581039755351,0.7517401392111369,0.7382753403933434,0.2108989898989899
0.5951592028141022,0.2573861122131348,1.0,0.36764705882352,0.6241299303944315,0.5854765506807866,0.1677855329949238
0.3806843161582947,0.2756448173522949,-0.2121212121212099,0.34602076124567,0.665893271461717,0.6399394856278366,0.1803779069767441
0.3653138875961303,0.2824814224243164,1.0,0.37037037037036,0.617169373549884,0.5514372163388804,0.1427254374158815
0.6671254336833954,0.2523443412780761,1.0,0.44247787610619,0.5197215777262181,0.4682299546142209,0.1297669826224328
0.5428979098796844,0.3302278900146484,-1.23214285714285,0.24271844660194,0.9675174013921114,0.9062027231467472,0.2455445544554455
0.3364163637161255,0.2321332740783692,1.0,0.3623188405797,0.6357308584686775,0.6032526475037822,0.1790480591497227
0.3555991649627685,0.303177375793457,0.20634920634921,0.4608294930875499,0.4988399071925754,0.4882753403933434,0.1332259287338893
0.4616633057594299,0.2783836936950684,0.32203389830509,0.40322580645161,0.5730858468677494,0.5264750378214826,0.141637323943662
0.7661373764276505,0.3844422912597656,1.0,0.5494505494505401,0.4129930394431554,0.4152798789712557,0.1240408525754884
0.5696861147880554,0.3456006622314453,1.0,0.32679738562091,0.7006960556844548,0.6251891074130106,0.1745984533016061
0.5841269493103027,0.1666240882873535,1.0,1.75438596491228,0.1229698375870069,0.1251891074130106,0.0392618384401114
0.8657138645648957,0.2101777839660644,1.0,0.51282051282051,0.4431554524361949,0.4368381240544629,0.1266610312764159
0.4903686642646789,0.2528145408630371,1.0,0.28818443804034,0.802784222737819,0.7337367624810892,0.1947103658536585
0.3559089303016662,0.4551572418212891,1.0,0.2906976744186,0.7888631090487239,0.7662632375189108,0.2242599805258033
0.3153999447822571,0.2698330879211425,-0.50602409638554,0.35714285714285,0.6403712296983759,0.598714069591528,0.158665425201738
0.5930242836475372,0.322282600402832,0.3788819875776399,0.34482758620689,0.6774941995359629,0.6066565809379728,0.1654442401960784
0.5143571197986603,0.4368519592285156,0.1935483870967799,0.28011204481792,0.8190255220417634,0.8358547655068078,0.2491644325290438
0.4944314956665039,0.2772576141357422,-0.16279069767441,0.3115264797507799,0.740139211136891,0.733358547655068,0.2114107778342654
0.4593186974525451,0.4287928009033203,1.0,0.26737967914438,0.8631090487238979,0.8695158850226928,0.2474323162870648
0.3848215937614441,0.2226072120666503,-1.6119402985074602,0.38610038610038,0.5916473317865429,0.5563540090771558,0.1606771180787191
0.7669803947210312,0.2892680168151855,1.0,0.32894736842105,0.7006960556844548,0.6346444780635401,0.1826084407971864
0.452372670173645,0.312563362121582,1.0,0.25906735751295,0.9002320185614849,0.8770801815431165,0.2625692373242437
0.224716305732727,0.353276138305664,0.77628635346757,0.24630541871921,0.9466357308584686,0.8683812405446294,0.2298859724612737
0.423973798751831,0.3441720581054687,0.75369458128079,0.25575447570332,0.9071925754060324,0.867624810892587,0.2455340223944875
0.473992645740509,0.3975235748291016,-0.8404907975460101,0.70422535211267,0.3201856148491879,0.3642208774583964,0.1227396569122098
0.6025655269622803,0.1874663925170898,1.0,0.26041666666666,0.9164733178654292,0.7753403933434191,0.205567853705486
0.3280962109565735,0.3001579093933105,1.0,0.3030303030303,0.7819025522041764,0.7787443267776096,0.2311403929084811
0.5796011686325073,0.22631441116333,0.02439024390244,0.5319148936170199,0.4292343387470997,0.3778366111951589,0.0953700097370983
0.4079576134681701,0.3383978652954101,0.72144846796658,0.3012048192770999,0.765661252900232,0.699697428139183,0.180010649627263
0.4945443272590637,0.3355441665649414,0.43977591036415,0.3076923076923,0.7447795823665894,0.6686838124054463,0.1712750556792873
0.4096001982688904,0.2419142341613769,0.2443324937027799,0.28571428571428,0.814385150812065,0.7568078668683812,0.2112962050271069
0.3678895235061645,0.2213935470581054,1.0,0.3030303030303,0.7587006960556845,0.7518910741301059,0.2154985119047619
0.2457692623138427,0.3169887542724609,-0.2738853503184699,0.35087719298245,0.654292343387471,0.6304841149773072,0.1885103244837758
0.8403632938861847,0.1647493743896484,1.0,2.27272727272727,0.0928074245939675,0.0801815431164901,0.0229583333333333
0.3102236986160278,0.38759521484375,-0.16550116550116,0.27027027027027,0.8584686774941995,0.8952344931921331,0.2688496868475991
0.4514756798744201,0.2536666870117187,1.0,0.48076923076922,0.5243619489559165,0.4992435703479576,0.1277856083086053
0.5213288962841034,0.3551236343383789,1.0,0.29239766081871,0.7865429234338747,0.7764750378214826,0.2253051417587698
0.3123583793640136,0.227329044342041,-0.4619883040935599,0.31948881789137,0.7215777262180975,0.6970499243570348,0.1912667022982362
0.4179571866989136,0.1955077362060547,-1.0501138952163998,0.26525198938991,0.9118329466357308,0.8059757942511346,0.2111973135710977
0.3975728154182434,0.3703859329223632,0.55555555555556,0.50251256281407,0.4663573085846867,0.537821482602118,0.1398965517241379
0.4068187475204468,0.2450493431091309,1.0,0.3154574132491999,0.7262180974477959,0.6656580937972768,0.1770357941834451
0.2601830959320068,0.3445671463012695,0.4736842105263199,0.28818443804034,0.8004640371229699,0.6936459909228442,0.1824087003222341
0.6699233651161194,0.3043432807922364,1.0,0.45045045045045,0.5150812064965197,0.5994704992435703,0.1758121512709237
0.5738672316074371,0.3822985076904296,1.0,0.48780487804877,0.4779582366589327,0.4591527987897125,0.132866344605475
0.2772137522697449,0.3219186782836914,-0.47058823529411,0.4081632653061199,0.5661252900232019,0.607034795763994,0.1838518064911206
0.5019840598106384,0.3723749542236328,1.0,0.36764705882353,0.6334106728538283,0.6085476550680786,0.1764477703115455
0.3869072198867798,0.2651340293884277,1.0,0.2906976744186,0.8051044083526682,0.7643721633888049,0.2393948267447535
0.3164441585540771,0.28038667678833,-0.46627565982404,0.33112582781456,0.703016241299304,0.7182299546142209,0.2212324857291126
0.2848216295242309,0.4197616958618164,1.0,0.26385224274406,0.8723897911832946,0.9277609682299546,0.2575634824667473
0.4455147981643677,0.2729740905761719,0.76798143851509,0.24813895781637,0.951276102088167,0.8986384266263238,0.2513747920133111
0.5837786197662354,0.4784791183471679,0.05213270142181,0.5025125628140601,0.45707656612529,0.4712556732223903,0.1387833594976452
0.5078822672367096,0.3780416107177734,0.76851851851852,0.25706940874035,0.91415313225058,0.8755673222390318,0.2477848911651728
0.5660969614982605,0.3295416641235352,0.73404255319149,0.27322404371584,0.8491879350348028,0.7575642965204236,0.2104874446085672
0.2301510572433471,0.2852652549743652,1.0,0.24449877750611,0.951276102088167,0.892965204236006,0.2397216408539137
0.6041904985904694,0.453916244506836,1.0,0.33112582781457,0.691415313225058,0.712178517397882,0.1951177394034536
0.3073077797889709,0.3876445007324218,0.28571428571429,0.41152263374485,0.5638051044083526,0.5389561270801816,0.1560839642119752
0.3955934643745422,0.2458388137817382,1.0,0.2518891687657399,0.9303944315545244,0.9016641452344932,0.2646165008291874
0.5822236239910126,0.2464019584655761,1.0,0.38461538461538,0.5939675174013921,0.5911497730711044,0.1677498428661219
0.4729858040809631,0.2715204620361328,1.0,0.31545741324921,0.7354988399071926,0.6796520423600605,0.1833041095890411
0.451044499874115,0.3972581100463867,-0.2847965738758,0.24509803921568,0.9535962877030162,0.9065809379727684,0.2582865979381443
0.5691669881343842,0.2324064826965332,-0.62337662337662,0.35460992907801,0.6519721577726219,0.613464447806354,0.1658696969696969
0.4085705876350403,0.2468622589111328,-0.7156862745097998,0.27624309392265,0.8422273781902552,0.8116490166414524,0.230459981600736
0.4985974431037903,0.2972182655334472,-0.76991150442477,0.98039215686274,0.2320185614849187,0.231089258698941,0.071056338028169
0.525213748216629,0.3805600357055664,1.0,0.4975124378109399,0.4593967517401392,0.4549924357034796,0.1389683184402924
0.5268175601959229,0.4505824279785156,-0.13636363636363,0.40160642570281,0.5730858468677494,0.5351739788199698,0.1469057519057519
0.3472116589546203,0.2313751602172852,0.71098265895954,0.31055900621117,0.7540603248259861,0.7326021180030258,0.2137022900763358
0.298448383808136,0.2695247268676757,0.41176470588236,0.33898305084745,0.6774941995359629,0.6573373676248109,0.1969195922989807
0.187825322151184,0.3374958419799804,-8.27835051546391,1.26582278481012,0.1740139211136891,0.1925113464447806,0.0592551210428305
0.2530267834663391,0.2943691062927246,0.69135802469136,0.33783783783784,0.6821345707656613,0.7008320726172466,0.2072966507177033
0.5136203467845917,0.3137419700622558,0.7304582210242601,0.29325513196481,0.7981438515081206,0.7586989409984871,0.2039995083579154
0.5187144577503204,0.3113955497741699,0.72826086956522,0.3003003003002999,0.7679814385150812,0.7303328290468987,0.2146299132210311
0.398122489452362,0.2988240051269531,0.7584541062802,0.27397260273972,0.8445475638051044,0.7613464447806354,0.2012003919647232
0.7077935636043549,0.25725341796875,1.0,1.06382978723404,0.2088167053364269,0.2102874432677761,0.0605051369863013
0.4361194968223572,0.3223114013671875,1.0,0.29411764705882,0.7935034802784223,0.716338880484115,0.1937330905306971
0.5296771228313446,0.3067670631408692,-0.47058823529411,0.2659574468085099,0.8677494199535963,0.8332072617246596,0.2428529807261317
0.5339972078800201,0.279305477142334,1.0,0.5181347150259,0.4385150812064965,0.4262481089258699,0.1164199134199134
0.309799313545227,0.3505652618408203,0.65986394557824,0.35335689045936,0.6519721577726219,0.6248108925869894,0.1840327380952381
0.2615265250205993,0.3612492752075195,-0.2531328320802,0.29673590504451,0.7958236658932715,0.7560514372163388,0.2284213122841637
0.5964996814727783,0.3642459487915039,0.0407673860911299,0.2724795640326899,0.8468677494199536,0.7719364599092284,0.216005316578057
0.2621372938156128,0.3436051940917968,-1.20588235294117,0.4166666666666599,0.5498839907192575,0.5363086232980333,0.15
0.3457099795341491,0.2086923789978028,1.0,0.32679738562091,0.7099767981438515,0.6319969742813918,0.1725779870512066
0.3417250514030456,0.3331954956054687,-1.83687943262411,0.8695652173913,0.2645011600928074,0.2832829046898638,0.0822136422136422
0.4113983511924743,0.2470253562927246,-0.1428571428571401,0.30674846625766,0.7540603248259861,0.7118003025718608,0.2090235602094241
0.3220655918121338,0.2579283142089844,0.77426636568849,0.23866348448687,0.965197215777262,0.9689863842662632,0.3026370656370656
0.5455241799354553,0.5652609252929688,1.0,0.40983606557376,0.5568445475638051,0.5468986384266263,0.1416485753052917
0.5031816363334656,0.4248238372802734,0.1304347826087,0.32051282051282,0.7192575406032483,0.676626323751891,0.195357732526142
0.3723428845405578,0.2940584945678711,-0.79856115107913,0.4132231404958599,0.5568445475638051,0.5208018154311649,0.1455800711743772
0.3095473647117615,0.2763923263549804,-0.5625,0.32786885245901,0.7076566125290024,0.6754916792738276,0.1925413450937155
0.2291131615638733,0.2892142105102539,1.0,0.3215434083601199,0.7192575406032483,0.8316944024205749,0.2663830264930399
0.4526838064193725,0.2728453063964844,1.0,0.2932551319648,0.7888631090487239,0.768910741301059,0.2203469189713731
0.3153218030929565,0.250062370300293,1.0,0.24630541871921,0.9327146171693736,0.8263993948562783,0.2162313601446001
0.1578816175460815,0.3059765243530273,-0.0964912280701699,0.24449877750611,0.9466357308584686,0.9080937972768532,0.2511836146562372
0.2963197827339172,0.4447552490234375,0.1017964071856299,0.3412969283276399,0.6728538283062645,0.651285930408472,0.1839914285714285
0.5767190456390381,0.3538151550292969,1.0,0.55555555555555,0.408352668213457,0.3959909228441755,0.1127860465116279
0.5884660482406616,0.4248141860961914,1.0,0.36764705882352,0.6218097447795824,0.6111951588502269,0.1724026763990267
0.577071875333786,0.2188182067871093,0.74619289340102,0.26525198938991,0.8747099767981439,0.8086232980332829,0.2319690674053555
0.4565690755844116,0.280495262145996,0.62406015037594,0.4132231404958599,0.5522041763341067,0.5049167927382754,0.1330117388114453
0.5270859897136688,0.6412432861328125,1.0,0.35087719298245,0.6566125290023201,0.693267776096823,0.2077941966684578
0.4422226548194885,0.2201027488708496,-0.4117647058823501,0.2518891687657399,0.9280742459396752,0.859304084720121,0.2299717391304347
0.5421036183834076,0.2861440277099609,1.0,0.2932551319648,0.7819025522041764,0.7413010590015129,0.2123113682092555
0.5671607255935669,0.2359617233276367,0.76689976689977,0.24937655860349,0.925754060324826,0.9065809379727684,0.2655670103092784
0.5834213197231293,0.317326602935791,0.71910112359551,0.29585798816567,0.7795823665893271,0.7439485627836612,0.212328320802005
0.7113291621208191,0.292636489868164,1.0,0.5524861878453,0.4245939675174014,0.4005295007564297,0.1054783808647654
0.2551255226135254,0.295970401763916,-1.5581395348837197,0.26246719160104,0.877030162412993,0.8978819969742814,0.2543859283930058
0.5636463463306427,0.2383240127563476,1.0,0.25380710659898,0.9280742459396752,0.8218608169440242,0.2223284870513402
0.5840640366077423,0.1685723686218261,-2.125,1.85185185185184,0.1160092807424593,0.0983358547655068,0.0256597222222222
0.7315698266029358,0.3637366104125976,1.0,0.43859649122807,0.5197215777262181,0.4807110438729198,0.1345265588914549
0.3266094326972961,0.383698616027832,1.0,0.39370078740157,0.5846867749419954,0.5729954614220878,0.1670285158781594
0.2108817100524902,0.3363877105712891,1.0,0.34364261168385,0.6705336426914154,0.6966717095310136,0.2088475935828876
0.286989152431488,0.3963753128051758,0.3006993006993099,0.4081632653061199,0.5730858468677494,0.5521936459909228,0.1598252688172043
0.5392500758171082,0.156926155090332,1.0,0.29850746268656,0.8213457076566125,0.7046142208774584,0.1879746166049709
0.4735963344573974,0.2746373748779296,1.0,0.35335689045936,0.6519721577726219,0.6119515885022693,0.1737849331713244
0.2401923537254333,0.2871902084350586,0.00990099009901,0.28901734104046,0.8051044083526682,0.7692889561270801,0.2194689621726478
0.2225568294525146,0.3120025634765625,1.0,0.30395136778115,0.7587006960556845,0.7488653555219364,0.2158291832669323
0.3919662833213806,0.2633209228515625,0.73821989528796,0.27855153203342,0.8329466357308585,0.7522692889561271,0.1974194348041646
0.408391535282135,0.3873217391967772,0.4475138121547,0.64935064935064,0.3480278422273782,0.3124054462934947,0.0762880562060889
0.2577868103981018,0.3312905883789062,1.0,0.36363636363636,0.6334106728538283,0.5937972768532527,0.1662922403003754
0.3287767171859741,0.3377022552490234,0.27007299270073,0.41152263374485,0.5568445475638051,0.583963691376702,0.1681297709923664
0.3172065019607544,0.3393647384643554,-0.23456790123456,0.48780487804878,0.4663573085846867,0.4757942511346444,0.1361275272161742
0.604907900094986,0.290120906829834,1.0,0.2415458937197999,0.9535962877030162,0.9171709531013617,0.2611740725642071
0.5112093687057495,0.2877495002746582,0.29906542056075,0.2487562189054699,0.9535962877030162,0.9281391830559758,0.2741700241740532
0.4280377030372619,0.24498140335083,0.50859950859951,0.28571428571428,0.814385150812065,0.7518910741301059,0.2088070436507936
0.6129008233547211,0.2732811164855957,1.0,0.30030030030029,0.7911832946635731,0.7685325264750378,0.2234805825242718
0.3115511536598205,0.2075203895568848,-0.8726591760299598,0.4132231404958599,0.5545243619489559,0.5075642965204236,0.1380364963503649
0.4345647692680359,0.4037059783935547,1.0,0.3690036900369,0.6264501160092807,0.6497730711043873,0.1918298969072164
0.3802953958511352,0.3262188720703125,0.3902439024390299,0.3412969283276399,0.679814385150812,0.6830559757942511,0.210809705561614
0.6562352180480957,0.4289133834838867,1.0,0.38022813688212,0.605568445475638,0.5885022692889561,0.1670107323232323
0.3024044632911682,0.2315579032897949,-1.5510204081632604,0.54054054054054,0.4222737819025522,0.4375945537065053,0.1354852320675105
0.5929065346717834,0.2632867813110351,0.7311827956989301,0.28089887640449,0.8213457076566125,0.7908472012102874,0.2121495988673902
0.6007415652275085,0.2552577972412109,-0.0126582278481,0.26246719160104,0.8816705336426914,0.7946293494704992,0.214614842649131
0.5560295581817627,0.2059026145935058,1.0,2.12765957446808,0.099767981438515,0.0983358547655068,0.0299652777777777
0.3845230937004089,0.3164678382873535,1.0,0.28328611898017,0.8120649651972158,0.7708018154311649,0.2181848983543078
0.5432315766811371,0.4273461151123047,1.0,1.13636363636363,0.1948955916473317,0.2027231467473525,0.0623492907801418
0.3566501140594482,0.2299544525146484,0.7395833333333399,0.2906976744186,0.7981438515081206,0.7322239031770046,0.2022148676171079
0.2782638669013977,0.2697063827514648,0.4535519125683099,0.3215434083601199,0.7122969837587007,0.6664145234493192,0.179754189944134
0.5802650451660156,0.2447077941894531,1.0,0.26455026455026,0.8700696055684455,0.8619515885022693,0.2587191157347204
0.4979176521301269,0.2095653915405273,-0.4492753623188401,0.26455026455026,0.91415313225058,0.9103630862329803,0.266312114989733
0.3965551257133484,0.2175600242614746,-0.0230179028132899,0.29673590504451,0.7749419953596288,0.680786686838124,0.1635475929978118
0.3826134204864502,0.1922878837585449,-2.9682539682539595,0.8849557522123901,0.2552204176334107,0.233358547655068,0.0643410852713178
0.1961926817893982,0.3188140106201171,0.75369458128079,0.27173913043478,0.8491879350348028,0.8290468986384266,0.2156216216216216
0.3680649399757385,0.4169646072387695,0.35344827586207,0.24937655860349,0.9327146171693736,0.8880484114977307,0.2462773569023569
0.3199524283409118,0.2541621971130371,-0.20772946859903,0.28089887640449,0.8283062645011601,0.8354765506807866,0.233216361198033
0.6558849811553955,0.1814756965637207,1.0,1.0752688172043,0.2064965197215777,0.1944024205748865,0.0583948339483394
0.7359298467636108,0.2900411224365234,1.0,0.2777777777777699,0.8375870069605569,0.7999243570347958,0.2137517498833411
0.4599623680114746,0.3425525283813476,1.0,0.28571428571428,0.8051044083526682,0.7738275340393344,0.2143201542912247
0.406443178653717,0.2771120834350586,0.4169096209912599,0.32258064516129,0.7169373549883991,0.6804084720121029,0.1849124247400109
0.4174709320068359,0.3658546066284179,1.0,0.29411764705882,0.7819025522041764,0.800302571860817,0.2422201492537313
0.77414470911026,0.1738999938964843,1.0,0.3584229390681,0.6473317865429234,0.569213313161876,0.156395955642531
0.3721190690994262,0.2248066711425781,-0.50537634408602,0.23640661938534,0.988399071925754,0.8717851739788199,0.2445049292756108
0.3980066776275635,0.2846858978271484,0.6969696969697,0.33003300330032,0.7076566125290024,0.6785173978819969,0.2068715697036224
0.3597959280014038,0.3058119773864746,0.2424242424242499,0.2777777777777699,0.8445475638051044,0.8154311649016641,0.2275869963369963
0.4885419607162475,0.3717301940917968,1.0,0.2475247524752399,0.9350348027842228,0.9247352496217852,0.2729296401132228
0.641990065574646,0.3258331680297852,-0.40449438202247,0.29411764705882,0.7795823665893271,0.7708018154311649,0.2291045498547918
0.2771891951560974,0.273604736328125,0.0909090909090999,0.48780487804878,0.4686774941995359,0.4436459909228442,0.1381931723563697
0.3254951238632202,0.3462880706787109,-0.36986301369863,0.31055900621117,0.7540603248259861,0.7231467473524962,0.2025025773195876
0.2369704842567443,0.4576198577880859,0.02676399026764,0.26041666666666,0.902552204176334,0.8589258698940998,0.2286428882122662
0.8504948765039444,0.1955800819396972,1.0,0.24038461538461,0.9605568445475638,0.911497730711044,0.2642165709598031
0.5981844663619995,0.2700379943847656,0.53596287703017,0.25125628140703,0.9466357308584686,0.8324508320726173,0.2294481830417227
0.6186439394950867,0.2564987182617187,0.7601918465227899,0.25445292620865,0.9071925754060324,0.8736762481089259,0.2421963216424294
0.4501692056655884,0.2528570938110352,1.0,0.3875968992248,0.5962877030162413,0.609304084720121,0.1875198291641245
0.7617914825677872,0.2089167976379394,1.0,0.24813895781637,0.948955916473318,0.8460665658093798,0.2015077262693157
0.6002370119094849,0.265006046295166,0.46236559139785,0.3012048192770999,0.7726218097447796,0.7167170953101362,0.2025585023400936
0.3141915798187256,0.3492389297485352,0.0625,0.34965034965035,0.6612529002320185,0.6724659606656581,0.1921179401993356
0.3341339826583862,0.2860325241088867,-2.11004784688995,0.27397260273972,0.8654292343387471,0.7931164901664145,0.2207482352941176
0.3320958018302917,0.3077711486816406,1.0,0.25906735751295,0.9095127610208816,0.9270045385779122,0.2801270673658733
0.251875102519989,0.3146708106994629,0.50980392156863,0.27027027027027,0.8538283062645011,0.7360060514372163,0.1830521783181357
0.2495203018188476,0.2690165138244629,-1.0,0.36764705882353,0.6310904872389791,0.5661875945537065,0.1508032786885246
0.5738424062728882,0.258450984954834,0.77924944812363,0.23809523809523,0.976798143851508,0.9152798789712556,0.2457924836601307
0.3927753567695617,0.3401760482788086,-0.5923566878980802,0.36764705882352,0.6241299303944315,0.6274583963691377,0.1802222880853586
0.4861311316490173,0.2009230041503906,1.0,2.04081632653061,0.1044083526682134,0.1055219364599092,0.0335993485342019
0.3992785811424255,0.3102464294433594,-1.16049382716049,0.32679738562091,0.703016241299304,0.6089258698940998,0.1570421245421245
0.4301221370697021,0.3624406051635742,0.78354978354979,0.23419203747072,1.0,0.9527231467473524,0.2653199842952493
0.8905251473188401,0.310387725830078,1.0,0.33670033670033,0.6844547563805105,0.655446293494705,0.201785917092561
0.6548696160316467,0.2930301856994629,1.0,0.25062656641603,0.9164733178654292,0.890695915279879,0.2546831724716744
0.323820412158966,0.2881276130676269,1.0,0.36900369003689,0.6194895591647331,0.6732223903177005,0.1963329646017698
0.3026999235153198,0.3311208724975586,-0.0101010101010099,0.37037037037036,0.6357308584686775,0.6335098335854765,0.1835701702877276
0.4666180610656738,0.3612788391113281,0.77116704805492,0.25706940874036,0.8979118329466357,0.8819969742813918,0.2365635593220339
0.474794328212738,0.3898864364624024,-0.91570881226053,0.4149377593360899,0.5545243619489559,0.56732223903177,0.1612958115183246
0.48397296667099,0.3227201843261719,0.2207792207792299,0.2754820936639099,0.8422273781902552,0.8199697428139183,0.2468806921675774
0.3497217893600464,0.3309054183959961,0.40476190476191,0.69444444444444,0.3248259860788863,0.3437972768532526,0.1022518676627534
0.3177031874656677,0.4447584152221679,-0.7421602787456401,0.390625,0.5893271461716937,0.625945537065053,0.2045929887106357
0.6317238211631775,0.2253561210632323,0.48849104859336,0.27173913043478,0.8538283062645011,0.8332072617246596,0.2371671896010757
0.4455046057701111,0.2778763389587402,0.66887417218544,0.36363636363636,0.6403712296983759,0.6282148260211801,0.181805802249852
0.4686279892921448,0.2850843429565429,0.73404255319149,0.29154518950437,0.7981438515081206,0.686838124054463,0.1818926247288503
0.3065858483314514,0.3208833312988281,0.38461538461539,0.33670033670033,0.6821345707656613,0.6709531013615734,0.1860460599334073
0.441728413105011,0.3042591857910156,1.0,0.27322404371584,0.8468677494199536,0.7817700453857791,0.2065202863961813
0.4509727954864502,0.2880186653137207,0.3006993006993099,0.24813895781637,0.948955916473318,0.8434190620272315,0.2419021257750221
0.6053949892520905,0.3485636138916016,0.6587030716723601,0.35971223021582,0.6403712296983759,0.6505295007564297,0.1858009153318077
0.2159113883972168,0.207325496673584,-1.14723926380368,0.35714285714285,0.6566125290023201,0.6887291981845688,0.208361276365603
0.8230879306793213,0.3555539321899414,1.0,0.28011204481792,0.8213457076566125,0.7863086232980333,0.2161485524442335
0.6059199869632721,0.3217201614379882,1.0,0.35714285714285,0.6450116009280742,0.6062783661119516,0.1717136725935009
0.3482098579406738,0.3321758270263671,1.0,0.32051282051281,0.7215777262180975,0.6588502269288956,0.1858983050847457
0.4784223437309265,0.3193564987182616,0.7319034852547,0.2906976744186,0.802784222737819,0.7469742813918305,0.2057314028956565
0.6666659116744995,2.4076272583007805,1.0,2.5,0.0835266821345707,0.0854765506807866,0.0260826771653543
0.7276378571987152,0.3580677032470703,1.0,0.36900369003689,0.6194895591647331,0.6293494704992436,0.1767375886524823
0.5256665647029877,0.3880868911743164,1.0,0.24570024570024,0.9396751740139212,0.8744326777609682,0.2362692307692308
0.776217058300972,1.250851593017578,1.0,25.0,0.0,0.0,0.0028571428571428
0.3778766393661499,0.2245601844787597,1.0,0.36900369003689,0.6218097447795824,0.5521936459909228,0.1402116935483871
0.4868821501731872,0.4860724639892578,0.55947136563877,0.2475247524752399,0.9443155452436196,0.9315431164901664,0.2551866720192693
0.5070705711841583,0.2664559173583984,0.53596287703017,0.25125628140703,0.9443155452436196,0.8888048411497731,0.265950378469302
0.4094501733779907,0.3060935592651367,-0.0282776349614299,0.27855153203342,0.8329466357308585,0.8142965204236006,0.2284708849151765
0.3629090189933777,0.2585939216613769,1.0,0.24630541871921,0.9327146171693736,0.8993948562783661,0.2612344139650873
0.3075606822967529,0.2506500625610351,0.7920997920998,0.23529411764706,0.9976798143851509,0.8680030257186082,0.2384631941455015
0.3190094828605652,0.2532497978210449,-0.2121212121212099,0.36363636363636,0.6450116009280742,0.6085476550680786,0.1781643249847281
0.3588677644729614,0.3529674911499023,1.0,0.24937655860349,0.925754060324826,0.9141452344931922,0.2629529652351738
0.3321108222007751,0.3270599365234375,0.1525423728813599,0.31746031746031,0.728538283062645,0.7409228441754917,0.2258706592853548
0.3096327781677246,0.2353697204589844,0.6389891696751,0.4081632653061199,0.5730858468677494,0.5257186081694403,0.1556911142454161
0.4645113348960876,0.3011261558532714,-0.1185682326621899,0.25706940874036,0.9071925754060324,0.8547655068078669,0.2409047202797202
0.4671136736869812,0.281839656829834,1.0,0.4149377593360899,0.5498839907192575,0.5480332829046899,0.156668923493568
0.5287076234817505,0.3094272804260254,1.0,0.29411764705882,0.8074245939675174,0.7723146747352496,0.2289903381642512
0.3912704586982727,0.3507045364379882,0.05213270142181,0.26315789473684,0.8816705336426914,0.9444024205748864,0.2869524752475247
0.3966367840766907,0.2212662124633789,0.3006993006993099,1.09890109890109,0.2064965197215777,0.2462178517397882,0.0817378497790868
0.2440598607063293,0.2529037475585937,0.1304347826087,0.31948881789137,0.7238979118329466,0.6614977307110439,0.1776420934158694
0.5003848075866699,0.379737434387207,-0.7006802721088399,0.39062499999999,0.5916473317865429,0.6153555219364599,0.1805256797583081
0.288425087928772,0.3514496231079101,0.41176470588236,0.3076923076923,0.7517401392111369,0.7583207261724659,0.2203074274471225
0.4448370933532715,0.3028768730163574,1.0,0.4149377593360899,0.5522041763341067,0.5075642965204236,0.1350912408759124
0.3449702262878418,0.3770891952514648,0.5850622406639101,0.44444444444444,0.5150812064965197,0.4678517397881997,0.1182411067193675
0.3401286602020263,0.2988822174072265,1.0,1.40845070422535,0.1554524361948956,0.1509077155824508,0.0487236533957845
0.2026873230934143,2.1009222412109367,1.0,1.01010101010101,0.222737819025522,0.2254160363086233,0.0599919871794871
0.4800106287002563,0.3896438980102539,1.0,0.2375296912114,0.9860788863109048,0.9353252647503782,0.247952818872451
0.4054498076438904,0.2647498321533203,-0.6501650165016499,0.37037037037037,0.6264501160092807,0.6017397881996974,0.1711365040148239
0.5989280939102173,0.3527197265625,1.0,0.27397260273972,0.8422273781902552,0.9001512859304085,0.2679983388704319
0.4616793394088745,0.3685985946655273,-1.2222222222222197,0.30864197530864,0.7447795823665894,0.760590015128593,0.2218808239333006
0.4712985157966614,0.2444148635864257,-0.35135135135135,0.36630036630036,0.6264501160092807,0.5695915279878971,0.1417633637548891
0.3970892429351806,0.3088411140441894,1.0,0.23866348448687,0.9675174013921114,0.9156580937972768,0.2643160473662719
0.4464659094810486,0.2408707046508789,1.0,0.28490028490028,0.814385150812065,0.8074886535552194,0.2088233934350439
0.7025239765644073,0.350598030090332,1.0,0.45045045045045,0.5127610208816705,0.4466717095310136,0.1255376344086021
0.3089534640312195,0.30553466796875,0.2366412213740499,0.28248587570621,0.8283062645011601,0.8014372163388804,0.2227619934792734
0.5003627240657806,0.3084262275695801,1.0,2.63157894736841,0.0788863109048723,0.0847201210287443,0.0270833333333333
0.6173524558544159,0.4121292495727539,0.7624703087886,0.26385224274406,0.8816705336426914,0.8381240544629349,0.2318738859180036
0.7329087257385254,0.3273901748657226,1.0,0.29239766081871,0.802784222737819,0.7526475037821483,0.2177155599603568
0.245346188545227,0.3341418838500976,0.60474308300396,0.43859649122806,0.5243619489559165,0.4878971255673222,0.1209901365705614
0.3934006690979004,0.2920100593566894,0.76359338061466,0.26525198938992,0.8723897911832946,0.8006807866868382,0.2193379953379953
0.6902990937232971,0.2238322639465332,-0.20481927710843,0.27472527472527,0.8631090487238979,0.7972768532526475,0.2205243445692884
0.4774786829948425,0.2614831733703613,-0.8115942028985501,0.40160642570281,0.568445475638051,0.5355521936459909,0.1509175900277008
0.3512408137321472,0.1838032150268554,0.69788519637463,0.35460992907801,0.6682134570765661,0.6509077155824509,0.1890794739851344
0.513078898191452,0.3088221931457519,1.0,0.3412969283276399,0.6867749419953596,0.6195158850226928,0.1663415366146458
0.5834634006023407,0.3761322784423828,-0.6501650165016499,0.37735849056603,0.6078886310904872,0.583963691376702,0.168075699745547
0.6915746927261353,0.3104046821594238,1.0,0.43859649122806,0.5243619489559165,0.5234493192133132,0.1525318696883852
0.3354904055595398,0.2360992240905761,0.06759906759907,0.26737967914438,0.8654292343387471,0.8691376701966718,0.2586801375752364
0.4328433871269226,0.2642534828186035,-1.8688524590163904,0.418410041841,0.5475638051044084,0.4863842662632375,0.129265601217656
0.3487812876701355,0.2459551239013672,-0.7543859649122799,0.31152647975077,0.7470997679814385,0.7273071104387292,0.2151101998974885
0.2369700074195861,0.4423809432983398,0.77578475336323,0.24813895781637,0.9327146171693736,0.913767019667171,0.2571644844517184
0.5604840219020844,0.2767730331420898,0.4845360824742299,0.28011204481792,0.8491879350348028,0.8506051437216339,0.2531927975406236
0.4817478060722351,0.2723372268676757,-1.0242914979756996,0.4566210045662,0.5034802784222738,0.4735249621785174,0.13655078125
0.4912140965461731,0.3332728576660156,1.0,0.26881720430107,0.8561484918793504,0.8396369137670197,0.2337700177935943
0.3688415288925171,0.2631131935119629,1.0,0.30959752321981,0.7610208816705336,0.7742057488653555,0.2258746987951807
0.6150809824466705,0.2652003479003906,1.0,0.29761904761904,0.7726218097447796,0.7152042360060514,0.1972615945805106
0.6545357406139374,0.2774327659606934,-0.90735694822888,0.30211480362537,0.777262180974478,0.7348714069591528,0.2038127853881278
0.7123827040195465,0.308384780883789,1.0,0.35587188612099,0.642691415313225,0.6414523449319214,0.1911223897911833
0.3228837251663208,0.2465996551513672,-0.20481927710843,0.86206896551724,0.2668213457076566,0.25,0.0712409288824383
0.5135592818260193,0.3522540283203125,1.0,0.35211267605633,0.6496519721577726,0.6115733736762481,0.1656808510638297
0.2345035076141357,0.2816075325012207,-0.1952191235059699,0.44247787610619,0.5174013921113689,0.5650529500756429,0.1792477003942181
0.4842712879180908,0.1798481559753418,0.2907801418439799,0.26178010471204,0.9118329466357308,0.789712556732224,0.2139744801512287
0.8521155267953873,0.3230260848999023,1.0,0.62893081761006,0.3642691415313225,0.3627080181543116,0.0965096251266463
0.7047930359840393,0.2350982856750488,1.0,0.32051282051282,0.7308584686774942,0.680786686838124,0.1980333698030634
0.4608337879180908,0.2040325355529785,1.0,0.25575447570332,0.9187935034802784,0.7870650529500757,0.2114224751066856
0.2523480057716369,0.2722599029541016,-0.0389610389610299,0.29585798816567,0.7795823665893271,0.7511346444780636,0.2049106256206554
0.4618359804153442,0.2953326225280762,0.3087557603686699,0.24937655860349,0.9303944315545244,0.903177004538578,0.2541783940397351
0.4496890306472778,0.2453350257873535,0.19137466307278,0.28328611898017,0.8213457076566125,0.8521180030257186,0.2583866725120561
0.3973396420478821,0.512928581237793,0.2882562277580099,0.38022813688212,0.6125290023201856,0.6191376701966718,0.1805465465465465
0.4090938568115234,0.4666347885131836,1.0,0.36496350364963,0.6357308584686775,0.6104387291981845,0.1782034104750304
0.6305191218852997,0.4294160842895508,1.0,0.37453183520599,0.6102088167053364,0.617624810892587,0.1779500301023479
0.6023788452148438,0.2701553916931152,0.52606635071091,0.26954177897574,0.9327146171693736,1.0,0.2992065868263473
0.4221729040145874,0.3253383636474609,0.78858350951375,0.24038461538461,0.9559164733178654,0.9236006051437216,0.2578542510121457
0.5063028335571289,0.319176025390625,1.0,0.27855153203342,0.8306264501160093,0.7904689863842662,0.2274811142587346
0.5461641848087311,0.2566724586486816,0.27360774818402,0.26246719160104,0.8747099767981439,0.8604387291981845,0.2307316543638732
0.6178143620491028,0.281691665649414,-0.2396694214876,0.42553191489361,0.5359628770301624,0.4837367624810892,0.1306847742922723
0.4134985208511352,0.4339141845703125,0.75124378109453,0.26666666666666,0.8631090487238979,0.8033282904689864,0.2219400557620817
0.3288776874542236,0.3784952163696289,-1.71739130434782,0.58479532163742,0.3874709976798144,0.3691376701966717,0.0964990039840637
0.5069971084594727,0.4792456436157226,1.0,0.4,0.5707656612529002,0.5518154311649016,0.158507061197041
0.374952495098114,0.3491190338134766,1.0,0.32467532467532,0.7099767981438515,0.7140695915279879,0.195294885177453
0.3253560662269592,0.3957805633544922,1.0,0.38610038610038,0.5962877030162413,0.5590015128593041,0.1612217795484727
0.5021132230758667,0.2690494155883789,1.0,0.35971223021582,0.6380510440835266,0.6524205748865356,0.2009783228750713
0.3318051099777221,0.24294921875,-0.7006802721088399,0.38167938931297,0.6009280742459396,0.5616490166414524,0.1564276272306675
0.3676334619522095,0.2945074081420898,0.43342776203966,0.29761904761904,0.777262180974478,0.8090015128593041,0.24317489616982
0.3354648351669311,0.2369181632995605,0.09706546275396,0.24937655860349,0.951276102088167,0.9553706505295008,0.2696104150352388
0.5586150884628296,0.5042439270019531,0.2125984251968599,0.42735042735042,0.54292343387471,0.5132375189107413,0.1271985559566787
0.8399858921766281,0.2542007064819336,1.0,0.35211267605634,0.6612529002320185,0.7288199697428139,0.223769820971867
0.357638955116272,0.3369841766357422,-0.1848341232227399,0.2754820936639099,0.8422273781902552,0.7874432677760969,0.2240094786729857
0.3288487195968628,0.3264987564086914,0.71181556195966,0.30864197530864,0.7447795823665894,0.6959152798789713,0.1882066381156316
0.1821158528327942,0.2633002090454102,-2.2911392405063205,0.26666666666666,0.8654292343387471,0.8358547655068078,0.2228150134048257
0.3701355457305908,0.2373069381713867,-0.94444444444444,0.30487804878048,0.765661252900232,0.7764750378214826,0.2334742912061509
0.4762543439865112,0.2935041046142578,-0.8656716417910402,0.40650406504065,0.5707656612529002,0.5192889561270801,0.1302533904354032
0.4097044467926025,0.2218453216552734,0.75,0.28328611898017,0.8213457076566125,0.7783661119515886,0.2281567593480345
0.5606884956359863,0.2926409721374512,-0.25,0.54347826086956,0.419953596287703,0.3838880484114977,0.1103978906999041
0.5021689534187317,0.391025161743164,1.0,1.20481927710843,0.1832946635730858,0.1830559757942511,0.052216796875
0.2896947264671325,0.2392380714416503,0.75903614457832,0.26246719160104,0.8955916473317865,0.7779878971255674,0.2119640287769784
0.4272786378860473,0.2224415779113769,0.23076923076924,0.29673590504451,0.7958236658932715,0.8490922844175491,0.272534095908491
0.4841941595077514,0.2444862937927246,-0.65745856353591,0.29940119760478,0.7703016241299304,0.7023449319213313,0.1855145888594165
0.3680503964424133,0.3093379402160645,-0.4925373134328301,0.2770083102493,0.8932714617169374,0.8347201210287444,0.2229597315436241
0.3007447719573974,0.3566410064697266,-0.63934426229508,0.25510204081632,0.9164733178654292,0.848714069591528,0.2109925176056338
0.8472224175930024,0.3863348770141601,1.0,0.58479532163742,0.3874709976798144,0.3910741301059001,0.1184934086629002
0.3628711104393005,0.3708084487915039,1.0,0.2487562189054699,0.9419953596287703,0.8559001512859304,0.2324072457442164
0.4092573523521423,0.4292920303344727,1.0,0.35714285714285,0.6403712296983759,0.663767019667171,0.2051149747616376
0.3505139350891113,0.2404833221435547,-0.4893617021276499,0.23640661938534,0.9907192575406032,0.8888048411497731,0.2377796467619848
0.4683927893638611,0.6228570175170898,1.0,1.72413793103448,0.1252900232018561,0.1380484114977307,0.0437913486005089
0.4425435662269592,0.265514965057373,0.0683229813664599,0.32154340836013,0.7169373549883991,0.7216338880484114,0.2052401859504132
0.3000440597534179,0.3477272796630859,0.42528735632184,0.32679738562091,0.7053364269141531,0.6853252647503782,0.2130516304347826
0.6322658360004425,0.256175651550293,1.0,0.2659574468085099,0.8700696055684455,0.8290468986384266,0.2297815315315315
0.4970329403877258,0.3352186584472656,-2.1578947368421,0.36496350364963,0.6264501160092807,0.6142208774583964,0.1966283292978208
0.370413601398468,0.3249908065795898,1.0,0.2475247524752399,0.9350348027842228,0.859304084720121,0.2169652173913044
0.5062045454978943,0.4067549133300781,-0.0380622837370199,0.35842293906809,0.6403712296983759,0.6622541603630863,0.2005368184373243
0.4508013725280761,0.2851118659973145,1.0,0.2932551319648,0.7911832946635731,0.7477307110438729,0.2058977556109725
0.3239734768867492,0.3027491760253906,1.0,0.28248587570621,0.814385150812065,0.7779878971255674,0.2104436450839328
0.4888785481452942,0.5122300338745117,1.0,0.24449877750611,0.9559164733178654,0.8895612708018155,0.2476701680672269
0.6091793179512024,0.2874346160888671,0.74619289340102,0.27472527472527,0.8375870069605569,0.7908472012102874,0.219008966493629
0.399088442325592,0.2674154090881348,1.0,0.35335689045936,0.6496519721577726,0.602874432677761,0.1639919852034525
0.6604049503803253,0.200986099243164,1.0,0.33333333333333,0.6983758700696056,0.6376701966717095,0.1678908984830805
0.390121579170227,0.269624137878418,0.4285714285714299,0.29411764705882,0.7819025522041764,0.737518910741301,0.2147623862487361
0.912729986011982,0.2647114753723144,1.0,1.04166666666666,0.2134570765661252,0.2083963691376702,0.0617789291882556
0.5596027672290802,0.2910599136352539,1.0,0.27472527472527,0.8445475638051044,0.8112708018154312,0.244935572940635
0.2943323850631714,0.2907286071777344,-5.122448979591829,0.5319148936170199,0.4269141531322505,0.3952344931921331,0.1076887232059645
0.3510042428970337,0.2756662559509277,1.0,0.26737967914438,0.8654292343387471,0.8271558245083207,0.2371625282167043
0.4529412388801574,0.256688060760498,1.0,0.3215434083601199,0.7215777262180975,0.6739788199697428,0.1962016574585635
0.8370144069194794,0.2795347213745117,1.0,0.36900369003689,0.6218097447795824,0.5616490166414524,0.16566424322538
0.5013025403022766,0.2225077629089355,1.0,1.36986301369863,0.1600928074245939,0.1611195158850226,0.0486784140969163
0.4058375358581543,0.3333843231201172,1.0,0.35971223021582,0.6473317865429234,0.6210287443267776,0.1693742514970059
0.4454230666160583,0.224827823638916,0.45504087193461,0.30959752321981,0.7470997679814385,0.6800302571860817,0.1805366922234392
0.584292858839035,0.2705758666992187,0.7601918465227899,0.25641025641025,0.8955916473317865,0.8124054462934948,0.2117026654411765
0.5090084671974182,0.2780062484741211,0.76744186046512,0.27100271002709,0.8491879350348028,0.81089258698941,0.2292403314917127
0.5946024954319,0.2774568557739257,0.42363112391931,0.30581039755351,0.7517401392111369,0.7072617246596067,0.1913935721812434
0.3363943696022033,0.3828025054931641,-0.6431924882629099,0.25510204081632,0.9002320185614849,0.8956127080181543,0.2606969949916527
0.5203709304332733,0.3138751411437988,1.0,0.37735849056603,0.6125290023201856,0.617624810892587,0.182739313666466
0.306371808052063,0.3341655349731445,1.0,0.24509803921568,0.9466357308584686,0.9145234493192134,0.2649468520032706
0.3436580300331116,0.3642599868774414,-0.0638297872340398,0.5524861878453,0.419953596287703,0.4058245083207262,0.117125340599455
0.3628527522087097,0.3800170135498046,-0.03092783505154,0.4132231404958599,0.5522041763341067,0.5298789712556732,0.160034989503149
0.5162481665611267,0.4184049987792969,0.71264367816092,0.3012048192770999,0.7679814385150812,0.7681543116490166,0.2221272462360369
0.6010190546512604,0.3170145988464355,1.0,0.33670033670033,0.6890951276102089,0.6520423600605144,0.1878310502283105
0.6225957870483398,0.3160666275024414,1.0,0.31746031746031,0.7238979118329466,0.6944024205748865,0.2096325107296137
0.4463976621627807,0.3101025199890136,1.0,0.28653295128939,0.8074245939675174,0.7662632375189108,0.2121421616358325
0.2428375482559204,0.3016878890991211,0.4638069705093899,0.31948881789137,0.7262180974477959,0.712178517397882,0.205596546310832
0.4595850706100464,0.2317948532104491,0.77827050997783,0.24630541871921,0.9605568445475638,0.8305597579425114,0.2171852517985611
0.7124311625957489,0.3250685501098633,1.0,0.27932960893854,0.8283062645011601,0.7734493192133132,0.212667631452002
0.3652915358543396,0.3378193283081054,0.33110367892977,0.35714285714285,0.642691415313225,0.6297276853252648,0.1763792085056113
0.5062277913093567,0.3091285514831543,0.76470588235295,0.27027027027027,0.8654292343387471,0.8657337367624811,0.2629046180405697
0.3191895484924316,0.3817805862426758,0.4505494505494599,0.31746031746031,0.7378190255220418,0.6822995461422088,0.1808706331877729
0.333270788192749,0.3755631637573242,0.28571428571429,0.40983606557376,0.5568445475638051,0.5593797276853253,0.1708593231585932
0.4788796305656433,0.6829889678955078,1.0,0.42372881355932,0.5382830626450116,0.5760211800302572,0.1751998710509348
0.3240929841995239,0.3279452514648437,-0.3477088948786999,0.28328611898016,0.814385150812065,0.7859304084720121,0.2256054131054131
0.5523967146873474,0.3111321067810058,0.64664310954064,0.36630036630036,0.62877030162413,0.6021180030257186,0.1735462962962963
0.7047754526138306,0.2174864959716796,1.0,0.37313432835821,0.6310904872389791,0.617624810892587,0.1907104154124021
0.3157956004142761,0.3192873954772949,-0.5625,0.41152263374485,0.568445475638051,0.529500756429652,0.1506057422969187
0.5731058418750763,0.3536512756347656,0.3333333333333399,0.2475247524752399,0.9419953596287703,0.936838124054463,0.2606447105788423
0.4713087081909179,0.4733403778076172,1.0,0.34246575342465,0.6705336426914154,0.7276853252647504,0.2145722336065574
0.789438933134079,0.2711540603637696,1.0,3.33333333333333,0.0603248259860788,0.0540847201210287,0.0157894736842105
0.4188051223754883,0.2283409118652344,-0.86335403726708,0.32467532467532,0.7076566125290024,0.6588502269288956,0.200864406779661
0.2358669638633728,0.2540865898132324,0.4428969359331499,0.33557046979865,0.691415313225058,0.6278366111951589,0.1755598341232227
0.7381471991539001,0.2603417587280273,1.0,0.24390243902439,0.9419953596287703,0.8842662632375189,0.2323267117497887
0.3436723947525024,0.3129548263549804,-0.1152416356877299,0.42553191489361,0.5382830626450116,0.5571104387291982,0.1648034643570952
0.3032159209251404,0.2437796974182129,0.1935483870967799,0.3125,0.7424593967517401,0.7556732223903178,0.2312759131293188
0.4925395250320434,0.2984669303894043,-0.9047619047619,0.3875968992248,0.6032482598607889,0.6130862329803328,0.1772498483929654
0.4779496192932129,0.2331316757202148,0.76958525345623,0.24096385542168,0.9605568445475638,0.9447806354009076,0.2687193190815519
0.6349161267280579,0.3298085021972656,1.0,0.26178010471204,0.8839907192575406,0.8869137670196672,0.2575326590813317
0.5571431219577789,0.1955867576599121,1.0,0.25125628140703,0.9350348027842228,0.7866868381240545,0.2024667931688804
0.608687549829483,0.4000979614257812,0.46808510638298,0.29498525073746,0.7842227378190255,0.7518910741301059,0.2135739087301587
0.4851558208465576,0.2851053428649902,-1.6058631921824098,0.36496350364963,0.6519721577726219,0.6104387291981845,0.1738367844092569
0.3786882162094116,0.2713578987121582,0.3939393939394,0.3412969283276399,0.679814385150812,0.6664145234493192,0.1938212290502793
0.3653109669685364,0.2721449089050293,0.36102236421726,0.34722222222222,0.6635730858468677,0.6410741301059002,0.1802292513058618
0.5733331441879272,0.295522289276123,0.70059880239521,0.32258064516128,0.7099767981438515,0.6845688350983359,0.1893199129488574
0.6905608177185059,0.251750202178955,0.7067448680352,0.30674846625766,0.7540603248259861,0.7378971255673222,0.2057124810510359
0.499772310256958,0.2717858123779297,0.35275080906149,0.3412969283276399,0.6774941995359629,0.703857791225416,0.2106908417151932
0.5008975565433502,0.3398555755615234,0.54441913439636,0.24096385542168,0.965197215777262,0.966338880484115,0.2778745644599303
0.322374939918518,0.211520709991455,0.4579945799457999,0.2967359050445,0.7842227378190255,0.8706505295007564,0.2493283261802575
0.4727348685264587,0.2989589881896972,-0.44578313253012,0.25974025974025,0.8839907192575406,0.8744326777609682,0.2446517094017093
0.346128761768341,0.3042838478088379,1.0,0.33333333333333,0.6937354988399071,0.6626323751891074,0.1793960674157303
0.5398347079753876,0.3225229263305664,1.0,0.31645569620253,0.7331786542923434,0.7087745839636914,0.2042350157728706
0.3876878023147583,0.3765978240966797,0.65753424657535,0.37735849056603,0.6148491879350348,0.5718608169440242,0.1594123376623376
0.699255108833313,0.3629015350341797,1.0,0.46728971962616,0.4918793503480278,0.5393343419062028,0.1567640990371389
0.623360812664032,0.4267121124267578,1.0,0.43668122270742,0.5266821345707656,0.5238275340393344,0.1517338995046001
0.6716122329235077,0.1917300224304199,1.0,0.31055900621117,0.7842227378190255,0.7439485627836612,0.2135714285714285
0.5997413098812103,0.282927017211914,0.42528735632184,0.30487804878048,0.765661252900232,0.7397881996974282,0.199266633064516
0.3338794112205505,0.337475471496582,0.72752043596731,0.31645569620253,0.7331786542923434,0.6675491679273827,0.1782626882320133
0.4157853722572326,0.3132441711425781,1.0,0.25641025641025,0.9048723897911832,0.8804841149773072,0.2568760611205433
0.5564434230327606,0.2909660339355469,1.0,0.43103448275861,0.5382830626450116,0.4572617246596067,0.1225990299110751
0.360686719417572,0.2047740173339844,1.0,1.06382978723404,0.2088167053364269,0.197428139183056,0.0538636363636363
0.515994668006897,0.2924504852294922,0.45504087193461,0.29498525073746,0.7888631090487239,0.7337367624810892,0.2039405487804878
0.4495964050292969,0.3228632354736328,1.0,0.26737967914438,0.8677494199535963,0.8456883509833586,0.2325574204946996
0.442138135433197,0.4763451385498047,1.0,0.28735632183907,0.8190255220417634,0.81089258698941,0.1891942909760589
0.8954499959945679,0.2408770942687988,1.0,0.32467532467532,0.7076566125290024,0.6618759455370651,0.1871203599550056
0.6052739918231964,0.3759330749511719,1.0,0.27472527472527,0.839907192575406,0.7723146747352496,0.2113140096618357
0.2797821760177612,0.2111290168762207,0.7319034852547,0.29940119760479,0.7679814385150812,0.6853252647503782,0.1831576086956521
0.6271055340766907,0.3422390747070312,1.0,0.28571428571428,0.8051044083526682,0.777231467473525,0.2310345655304848
0.5105890035629272,0.3257076644897461,1.0,0.2415458937197999,0.951276102088167,0.9648260211800302,0.2759519193485847
0.3739969730377197,0.3136464500427246,-4.97014925373134,1.96078431372549,0.1090487238979118,0.105143721633888,0.0331372549019607
0.3564630150794983,0.3342235946655273,0.1525423728813599,0.30674846625766,0.7587006960556845,0.7658850226928896,0.2242084754018509
0.344826340675354,0.3069137382507323,1.0,0.41152263374485,0.5545243619489559,0.5820726172465961,0.177814294830887
0.788421705365181,0.3320795822143554,1.0,0.30211480362537,0.765661252900232,0.6940242057488654,0.1888888888888888
0.4406214356422424,0.2565458679199219,0.61089494163425,0.4132231404958599,0.5545243619489559,0.5381996974281392,0.1547484493452791
0.3795706033706665,0.3164381790161132,1.0,0.32786885245901,0.7053364269141531,0.7590771558245083,0.246977886977887
0.2558343410491943,0.3021194839477539,0.49238578680204,0.28818443804034,0.8074245939675174,0.8146747352496218,0.2334074243813016
0.4417752623558044,0.4036800765991211,0.71264367816092,0.31055900621118,0.740139211136891,0.6902420574886535,0.1825688073394495
0.5585200488567352,0.7065336608886719,1.0,1.36986301369863,0.1600928074245939,0.1675491679273827,0.0507430997876857
0.4816892147064209,0.2825623321533203,0.45205479452055,0.28901734104046,0.8004640371229699,0.789712556732224,0.2403544423440453
0.3824372887611389,0.3596891021728516,0.64788732394367,0.39215686274509,0.5893271461716937,0.5741301059001512,0.156904915912031
0.6178433001041412,0.409972038269043,1.0,0.38022813688213,0.6148491879350348,0.598714069591528,0.1808255741775294
0.4898515939712524,0.2781546211242676,1.0,0.3831417624521,0.5962877030162413,0.5552193645990923,0.1407052139037433
0.3656941056251526,0.1775124740600586,1.0,0.8130081300813,0.2784222737819025,0.2787443267776097,0.0820261437908496
0.3326411843299866,0.3195638847351074,1.0,0.57803468208092,0.3967517401392111,0.382375189107413,0.1059480269489894
0.4263474941253662,0.2603753471374512,0.7395833333333399,0.27322404371584,0.8422273781902552,0.7602118003025718,0.2074877330716388
0.586195170879364,0.2871816444396973,-0.5432098765432001,0.3412969283276399,0.7076566125290024,0.7571860816944024,0.2278571428571428
0.6316780745983124,0.2075646209716797,1.0,0.35087719298245,0.6682134570765661,0.6145990922844176,0.177444041137326
0.3670583367347717,0.2550657272338867,1.0,0.3623188405797,0.6403712296983759,0.6214069591527988,0.1729563135846798
0.4009695649147033,0.2145251083374023,-1.3622047244094402,0.3012048192770999,0.802784222737819,0.7681543116490166,0.2042642059252064
0.7349190711975098,0.2058817100524902,1.0,0.56179775280898,0.4037122969837587,0.397125567322239,0.1053385899814471
0.5815382599830627,0.263980827331543,1.0,0.25445292620865,0.9118329466357308,0.8105143721633888,0.2036319668355597
0.5572784841060638,0.232757568359375,-0.36612021857923,0.3076923076923,0.7633410672853829,0.6834341906202723,0.1861035422343324
0.4175521731376648,0.3024048614501953,0.4285714285714299,0.31545741324921,0.7331786542923434,0.6705748865355522,0.1897723486951693
0.4902699589729309,0.2141677284240722,1.0,0.28011204481792,0.8329466357308585,0.823373676248109,0.2422993197278912
0.5019309520721436,0.4588924789428711,-0.0101010101010099,0.28089887640449,0.8213457076566125,0.7734493192133132,0.2122431259044862
0.6109013855457306,0.2185734176635742,1.0,0.31347962382445,0.7563805104408353,0.6683055975794251,0.1771866295264624
0.4240152239799499,0.2087113952636718,0.7304582210242601,0.30211480362537,0.8051044083526682,0.7738275340393344,0.2149421407907425
0.3641042113304138,0.3177258491516113,1.0,1.09890109890109,0.2018561484918793,0.2397881996974281,0.073821752265861
0.6040720343589783,0.3526556396484375,0.04761904761905,0.52910052910052,0.4338747099767981,0.392965204236006,0.1138612933458294
0.3870771527290344,0.2217647361755371,1.0,0.2415458937197999,0.965197215777262,0.8842662632375189,0.2496724429416736
0.387488842010498,0.2743649864196777,-1.0114942528735602,0.31446540880503,0.728538283062645,0.6694402420574886,0.1788737486095662
0.3244804739952087,0.3480617141723632,1.0,0.43859649122807,0.5220417633410673,0.6236762481089259,0.1850268336314848
0.6769640743732452,1.006245574951172,1.0,0.74074074074074,0.3039443155452436,0.3063540090771558,0.0801730310262529
0.3527474403381347,0.2609773254394531,0.2105263157894801,0.26954177897574,0.8584686774941995,0.869894099848714,0.2645618556701031
0.7664793580770493,0.2217644500732422,1.0,0.2518891687657399,0.9327146171693736,0.8884266263237519,0.2623937736642827
0.3363208174705505,0.3409779739379883,1.0,0.29850746268656,0.7749419953596288,0.7590771558245083,0.2101498771498771
0.4272303581237793,0.2346981239318848,0.22779922779923,0.4291845493562199,0.5359628770301624,0.4746596066565809,0.1256703039750584
0.3937985897064209,0.2530973815917969,-0.5384615384615301,0.28818443804034,0.814385150812065,0.8358547655068078,0.2512198391420912
0.3703569769859314,0.4082031631469727,0.78165938864629,0.24691358024691,0.9303944315545244,0.897125567322239,0.2610041666666667
0.324241578578949,0.3545417022705078,1.0,0.38167938931297,0.6009280742459396,0.5366868381240545,0.1471492743607463
0.3651927709579468,0.3325483703613281,0.7854077253218901,0.24330900243308,0.965197215777262,0.9024205748865356,0.2458243579121789
0.6679283678531647,0.3010589599609375,1.0,0.25380710659898,0.9071925754060324,0.8736762481089259,0.2427331052181352
0.6690285503864288,0.1937288284301757,-0.53061224489795,0.26666666666666,0.8677494199535963,0.8937216338880484,0.2628544542032622
0.3416452407836914,0.2731131362915039,0.07407407407408,0.35335689045936,0.6635730858468677,0.6936459909228442,0.2204752953813104
0.4137864708900451,0.3611398696899414,0.69040247678019,0.33112582781456,0.6960556844547564,0.7239031770045385,0.2169593202883625
0.551348090171814,0.3527907943725586,1.0,0.24271844660194,0.9535962877030162,0.8925869894099848,0.2454543551088777
0.6358202993869781,0.3470762634277344,0.40119760479042,0.31347962382445,0.7308584686774942,0.7344931921331316,0.2041802030456853
0.2292408943176269,0.2793367195129395,-2.0379746835443,0.2906976744186,0.7911832946635731,0.7549167927382754,0.2036660079051384
0.5183195769786835,0.2608108139038086,0.75062344139651,0.26666666666666,0.8747099767981439,0.8290468986384266,0.2293400900900901
0.3599298596382141,0.2795664405822753,0.74160206718347,0.29940119760478,0.7726218097447796,0.7428139183055976,0.2065963855421687
0.315813660621643,0.3133733367919922,-0.04166666666666,0.57142857142856,0.3967517401392111,0.3876701966717095,0.1093827160493827
0.4098287224769592,0.6270170593261719,1.0,1.40845070422535,0.1554524361948956,0.1520423600605143,0.0473023255813953
0.5556275546550751,0.2593865776062012,1.0,0.75757575757575,0.296983758700696,0.3018154311649016,0.0934503631961259
0.3699014782905578,0.2668056869506836,-0.0840108401084001,0.32362459546925,0.7331786542923434,0.6410741301059002,0.1634068485200232
0.226254403591156,0.2837078857421875,1.0,0.46728971962616,0.5011600928074246,0.4913010590015129,0.1519668425018839
0.4984132647514343,0.2207420539855957,0.47089947089948,0.56818181818182,0.3990719257540603,0.3585476550680787,0.1061526639344262
0.3179771900177002,0.4295183563232422,1.0,0.2659574468085099,0.8723897911832946,0.8358547655068078,0.2167202859696157
0.4176400899887085,0.4140151214599609,0.2481203007518799,0.26178010471204,0.8793503480278422,0.8422844175491679,0.2335033259423503
0.5072760581970215,0.3016381072998046,1.0,0.36764705882352,0.6357308584686775,0.6694402420574886,0.1953670745272525
0.5557321608066559,0.3331332397460937,-2.3980582524271803,0.5263157894736801,0.4361948955916473,0.4190620272314674,0.1190713028169014
0.4429132342338562,0.4580530929565429,0.65397923875433,0.38610038610038,0.5986078886310905,0.6297276853252648,0.1800383933845245
0.4335331320762634,0.3022032737731933,0.43342776203966,0.30487804878048,0.7563805104408353,0.7586989409984871,0.2087733529990167
0.607694685459137,0.3055242729187012,0.1176470588235299,0.30959752321981,0.7470997679814385,0.7046142208774584,0.1916340560549973
0.5875184237957001,0.3551939392089844,1.0,0.32786885245901,0.7006960556844548,0.686838124054463,0.1998129067245119
0.3989620804786682,0.245284481048584,0.73404255319149,0.30030030030029,0.7703016241299304,0.6671709531013615,0.1786969866071428
0.2149215340614318,0.3371113586425781,0.079754601227,0.3412969283276399,0.6821345707656613,0.6849470499243571,0.214200652528548
0.47,0.3203,0.0,0.0,0.6911600928074245,0.6635816944024205,0.0014285714285714
0.85,0.1549,0.0,1.0,0.1939211136890951,0.1878517397881997,0.0
